quater_year,business_platform,platform_share_ptc,platform_rev_usd_m,total_CapEx_usd_m,gross_margin_ptc
Q1-2023,HPC,44.00,"7,356.80","9,940.00",56.30
Q1-2023,Smartphone,34.00,"5,684.80","9,940.00",56.30
Q1-2023,IOT,9.00,"1,504.80","9,940.00",56.30
Q1-2023,Automotive,7.00,"1,170.40","9,940.00",56.30
Q1-2023,DCE,2.00,334.40,"9,940.00",56.30
Q1-2023,Others,4.00,668.80,"9,940.00",56.30
Q2-2023,HPC,44.00,"6,899.20","8,170.00",54.10
Q2-2023,Smartphone,33.00,"5,174.40","8,170.00",54.10
Q2-2023,IOT,8.00,"1,254.40","8,170.00",54.10
Q2-2023,Automotive,8.00,"1,254.40","8,170.00",54.10
Q2-2023,DCE,3.00,470.40,"8,170.00",54.10
Q2-2023,Others,4.00,627.20,"8,170.00",54.10
Q3-2023,HPC,42.00,"7,257.60","7,100.00",54.30
Q3-2023,Smartphone,39.00,"6,739.20","7,100.00",54.30
Q3-2023,IOT,9.00,"1,555.20","7,100.00",54.30
Q3-2023,Automotive,5.00,864.00,"7,100.00",54.30
Q3-2023,DCE,2.00,345.60,"7,100.00",54.30
Q3-2023,Others,3.00,518.40,"7,100.00",54.30
Q4-2023,HPC,43.00,"8,436.60","5,240.00",53.00
Q4-2023,Smartphone,43.00,"8,436.60","5,240.00",53.00
Q4-2023,IOT,5.00,981.00,"5,240.00",53.00
Q4-2023,Automotive,5.00,981.00,"5,240.00",53.00
Q4-2023,DCE,2.00,392.40,"5,240.00",53.00
Q4-2023,Others,2.00,392.40,"5,240.00",53.00
Q1-2024,HPC,46.00,"8,680.20","5,770.00",53.10
Q1-2024,Smartphone,38.00,"7,170.60","5,770.00",53.10
Q1-2024,IOT,6.00,"1,132.20","5,770.00",53.10
Q1-2024,Automotive,6.00,"1,132.20","5,770.00",53.10
Q1-2024,DCE,2.00,377.40,"5,770.00",53.10
Q1-2024,Others,2.00,377.40,"5,770.00",53.10
Q2-2024,HPC,52.00,"10,826.40","6,360.00",53.20
Q2-2024,Smartphone,33.00,"6,870.60","6,360.00",53.20
Q2-2024,IOT,6.00,"1,249.20","6,360.00",53.20
Q2-2024,Automotive,5.00,"1,041.00","6,360.00",53.20
Q2-2024,DCE,2.00,416.40,"6,360.00",53.20
Q2-2024,Others,2.00,416.40,"6,360.00",53.20
Q3-2024,HPC,51.00,"11,985.00","6,400.00",57.80
Q3-2024,Smartphone,34.00,"7,990.00","6,400.00",57.80
Q3-2024,IOT,7.00,"1,645.00","6,400.00",57.80
Q3-2024,Automotive,5.00,"1,175.00","6,400.00",57.80
Q3-2024,DCE,1.00,235.00,"6,400.00",57.80
Q3-2024,Others,2.00,470.00,"6,400.00",57.80
Q4-2024,HPC,53.00,"14,246.40","11,230.00",59.00
Q4-2024,Smartphone,35.00,"9,408.00","11,230.00",59.00
Q4-2024,IOT,5.00,"1,344.00","11,230.00",59.00
Q4-2024,Automotive,4.00,"1,075.20","11,230.00",59.00
Q4-2024,DCE,1.00,268.80,"11,230.00",59.00
Q4-2024,Others,2.00,537.60,"11,230.00",59.00
Q1-2025,HPC,59.00,"15,062.70","10,060.00",58.80
Q1-2025,Smartphone,28.00,"7,148.40","10,060.00",58.80
Q1-2025,IOT,5.00,"1,276.50","10,060.00",58.80
Q1-2025,Automotive,5.00,"1,276.50","10,060.00",58.80
Q1-2025,DCE,1.00,255.30,"10,060.00",58.80
Q1-2025,Others,2.00,510.60,"10,060.00",58.80
Q2-2025,HPC,60.00,"18,042.00","9,630.00",58.60
Q2-2025,Smartphone,27.00,"8,118.90","9,630.00",58.60
Q2-2025,IOT,5.00,"1,503.50","9,630.00",58.60
Q2-2025,Automotive,5.00,"1,503.50","9,630.00",58.60
Q2-2025,DCE,1.00,300.70,"9,630.00",58.60
Q2-2025,Others,2.00,601.40,"9,630.00",58.60
Q3-2025,HPC,57.00,"18,867.00","9,700.00",59.50
Q3-2025,Smartphone,30.00,"9,930.00","9,700.00",59.50
Q3-2025,IOT,5.00,"1,655.00","9,700.00",59.50
Q3-2025,Automotive,5.00,"1,655.00","9,700.00",59.50
Q3-2025,DCE,1.00,331.00,"9,700.00",59.50
Q3-2025,Others,2.00,662.00,"9,700.00",59.50
Q4-2025,HPC,55.00,"18,551.50","11,510.00",62.30
Q4-2025,Smartphone,32.00,"10,793.60","11,510.00",62.30
Q4-2025,IOT,5.00,"1,686.50","11,510.00",62.30
Q4-2025,Automotive,5.00,"1,686.50","11,510.00",62.30
Q4-2025,DCE,1.00,337.30,"11,510.00",62.30
Q4-2025,Others,2.00,674.60,"11,510.00",62.30
Q1-2026,HPC,61.00,"21,899.00","11,100.00",66.20
Q1-2026,Smartphone,26.00,"9,334.00","11,100.00",66.20
Q1-2026,IOT,6.00,"2,154.00","11,100.00",66.20
Q1-2026,Automotive,4.00,"1,436.00","11,100.00",66.20
Q1-2026,DCE,1.00,359.00,"11,100.00",66.20
Q1-2026,Others,2.00,718.00,"11,100.00",66.20
Q2-2026,HPC,66.00,"26,532.00","15,700.00",67.70
Q2-2026,Smartphone,22.00,"8,844.00","15,700.00",67.70
Q2-2026,IOT,5.00,"2,010.00","15,700.00",67.70
Q2-2026,Automotive,4.00,"1,608.00","15,700.00",67.70
Q2-2026,DCE,1.00,402.00,"15,700.00",67.70
Q2-2026,Others,2.00,804.00,"15,700.00",67.70